<?xml version="1.0" encoding="utf-8"?>
<!DOCTYPE install SYSTEM "http://dev.joomla.org/xml/1.5/plugin-install.dtd">
<install type="plugin" version="1.5" method="upgrade" group="editors">
	<name>AcyMailing Editor (beta)</name>
	<creationDate>avril 2013</creationDate>
	<version>4.2.0</version>
	<author>Acyba</author>
	<authorEmail>dev@acyba.com</authorEmail>
	<authorUrl>http://www.acyba.com</authorUrl>
	<copyright>Copyright (C) 2009-2013 ACYBA SARL - All rights reserved.</copyright>
	<license>http://www.gnu.org/licenses/gpl-3.0.html GNU/GPL</license>
	<description>This editor will make your life easier when writing Newsletters with AcyMailing</description>
	<files>
		<filename plugin="acyeditor">acyeditor.php</filename>
		<folder>acyeditor</folder>
	</files>
</install>
